Time (s),Accel X,Accel Y,Accel Z,Gyro X,Gyro Y,Gyro Z,Temperature (C)
0.015296002005925402,0.076614453125,-9.95987890625,1.0797849487304687,0,0,0,0
